<?xml version="1.0" encoding="utf-8" standalone="yes"?>
<rss version="2.0" xmlns:atom="http://www.w3.org/2005/Atom">
  <channel>
    <title>Golden Wealth Baccarat Live | Canada Online Casino on Golden Wealth Baccarat</title>
    <link>https://goldenwealthbaccaratca.com/live/</link>
    <description>Recent content in Golden Wealth Baccarat Live | Canada Online Casino on Golden Wealth Baccarat</description>
    <generator>Hugo</generator>
    <language>en</language>
    <lastBuildDate></lastBuildDate>
    <atom:link href="https://goldenwealthbaccaratca.com/live/index.xml" rel="self" type="application/rss+xml" />
  </channel>
</rss>
